<manifest alg="2" build="2017.0.0.363" opt="true" iceEnabled="true" iceMarkupVersion="2" iceEnabledOptions="link,responsive,cachebuster" exportTarget="other" domain="legaprint.kz" resolutions="1x" timestamp="1488422687588">
  <folder name="css">
    <file name="site_global.css" crc="443350757"/>
    <file name="master_______-_.css" crc="4195507302" ref="термоусадочная-этикетка:контакты:наши-услуги:новое-имя---старые-друзья:портфолио:огибаемая-этикетка:новости:о-компании"/>
    <file name="nomq_preview_master_______-_.css" crc="3796983315" ref="термоусадочная-этикетка:контакты:наши-услуги:новое-имя---старые-друзья:портфолио:огибаемая-этикетка:новости:о-компании"/>
    <file name="______________-________.css" crc="4112694986" ref="термоусадочная-этикетка"/>
    <file name="nomq_______________-________.css" crc="3759034548" ref="термоусадочная-этикетка"/>
    <file name="________.css" crc="4128763820" ref="контакты"/>
    <file name="nomq_________.css" crc="354021539" ref="контакты"/>
    <file name="____-______.css" crc="3813044390" ref="наши-услуги"/>
    <file name="nomq_____-______.css" crc="3512110" ref="наши-услуги"/>
    <file name="_____-___---______-______.css" crc="3981213201" ref="новое-имя---старые-друзья"/>
    <file name="nomq______-___---______-______.css" crc="4176657639" ref="новое-имя---старые-друзья"/>
    <file name="_________.css" crc="227479594" ref="портфолио"/>
    <file name="nomq__________.css" crc="122904404" ref="портфолио"/>
    <file name="index.css" crc="339186163" ref="index"/>
    <file name="nomq_index.css" crc="370471863" ref="index"/>
    <file name="_________-________.css" crc="3819227672" ref="огибаемая-этикетка"/>
    <file name="nomq__________-________.css" crc="4201829989" ref="огибаемая-этикетка"/>
    <file name="_______.css" crc="3951221987" ref="новости"/>
    <file name="nomq________.css" crc="204082695" ref="новости"/>
    <file name="_-________.css" crc="305594884" ref="о-компании"/>
    <file name="nomq__-________.css" crc="63808365" ref="о-компании"/>
  </folder>
  <folder name="scripts">
    <file name="jquery-1.8.3.min.js" crc="209076791" ref="index:о-компании:наши-услуги:портфолио:новости:контакты:новое-имя---старые-друзья:огибаемая-этикетка:термоусадочная-этикетка"/>
    <file name="museutils.js" crc="163421577" ref="index:о-компании:наши-услуги:портфолио:новости:контакты:новое-имя---старые-друзья:огибаемая-этикетка:термоусадочная-этикетка"/>
    <file name="whatinput.js" crc="86476730" ref="index:о-компании:наши-услуги:портфолио:новости:контакты:новое-имя---старые-друзья:огибаемая-этикетка:термоусадочная-этикетка"/>
    <file name="museconfig.js" crc="36584860" ref="index:о-компании:наши-услуги:портфолио:новости:контакты:новое-имя---старые-друзья:огибаемая-этикетка:термоусадочная-этикетка"/>
    <file name="jquery.musemenu.js" crc="146495465" ref="index:о-компании:наши-услуги:портфолио:новости:контакты:новое-имя---старые-друзья:огибаемая-этикетка:термоусадочная-этикетка"/>
    <file name="jquery.watch.js" crc="104486786" ref="index:о-компании:наши-услуги:портфолио:новости:контакты:новое-имя---старые-друзья:огибаемая-этикетка:термоусадочная-этикетка"/>
    <file name="html5shiv.js" crc="4241844378" ref="index:о-компании:наши-услуги:портфолио:новости:контакты:новое-имя---старые-друзья:огибаемая-этикетка:термоусадочная-этикетка"/>
    <file name="jquery.museresponsive.js" crc="4146931122" ref="index:о-компании:наши-услуги:портфолио:новости:контакты:новое-имя---старые-друзья:огибаемая-этикетка:термоусадочная-этикетка"/>
    <file name="require.js" crc="244322403" ref="index:о-компании:наши-услуги:портфолио:новости:контакты:новое-имя---старые-друзья:огибаемая-этикетка:термоусадочная-этикетка"/>
    <file name="webpro.js" crc="3848665353" ref="портфолио"/>
    <file name="musewpslideshow.js" crc="4041717617" ref="портфолио"/>
    <file name="jquery.museoverlay.js" crc="36492500" ref="портфолио"/>
    <file name="touchswipe.js" crc="404375771" ref="портфолио"/>
  </folder>
  <folder name="images">
    <file name="novoe_imia1.png" crc="4090894384" seo="true" ref="index"/>
    <file name="ogibaemaya1.png" crc="184537868" seo="true" ref="index"/>
    <file name="termousadka1.png" crc="4122414519" seo="true" ref="index"/>
    <file name="vsplesk.png" crc="3796560691" seo="true" ref="index"/>
    <file name="chelovechki_glav.png" crc="167467838" seo="true" ref="index"/>
    <file name="vsplesk600x272.png" crc="331310015" seo="true" ref="index"/>
    <file name="chelovechki_glav547x231.png" crc="4030311156" seo="true" ref="index"/>
    <file name="vsplesk460x209.png" crc="3949152579" seo="true" ref="index"/>
    <file name="chelovechki_glav419x177.png" crc="3881019907" seo="true" ref="index"/>
    <file name="vsplesk357x162.png" crc="4038620199" seo="true" ref="index"/>
    <file name="chelovechki_glav325x137.png" crc="188874823" seo="true" ref="index"/>
    <file name="vsplesk318x144.png" crc="377933051" seo="true" ref="index"/>
    <file name="chelovechki_glav300x127.png" crc="28549511" seo="true" ref="index"/>
    <file name="blank.gif" crc="4208392903" ref="index:о-компании:наши-услуги:портфолио:новости:контакты:новое-имя---старые-друзья:огибаемая-этикетка:термоусадочная-этикетка"/>
    <file name="vsplesk1.png" crc="348766827" seo="true" ref="о-компании:наши-услуги:портфолио:новости:контакты:новое-имя---старые-друзья:огибаемая-этикетка:термоусадочная-этикетка"/>
    <file name="chelovechek1.png" crc="302895469" seo="true" ref="о-компании:наши-услуги:портфолио:новости:контакты:новое-имя---старые-друзья:огибаемая-этикетка:термоусадочная-этикетка"/>
    <file name="logo_mal.png" crc="177044036" seo="true" ref="о-компании:наши-услуги:портфолио:новости:контакты:новое-имя---старые-друзья:огибаемая-этикетка:термоусадочная-этикетка"/>
    <file name="partnery.png" crc="4192619452" seo="true" ref="о-компании"/>
    <file name="logo_mal284x224.png" crc="3807024124" seo="true" ref="о-компании:огибаемая-этикетка"/>
    <file name="logo_mal227x179.png" crc="4228391450" seo="true" ref="о-компании:огибаемая-этикетка"/>
    <file name="logo_mal199x157.png" crc="3948793707" seo="true" ref="о-компании"/>
    <file name="logo_mal174x137.png" crc="3814647811" seo="true" ref="о-компании:огибаемая-этикетка"/>
    <file name="logo_mal135x107.png" crc="156296123" seo="true" ref="о-компании:огибаемая-этикетка"/>
    <file name="logo_mal114x90.png" crc="343713190" seo="true" ref="о-компании:огибаемая-этикетка"/>
    <file name="galochka.png" crc="4058994405" seo="true" ref="наши-услуги:новости:огибаемая-этикетка"/>
    <file name="uslugi1.jpg" crc="4247013082" seo="true" ref="наши-услуги"/>
    <file name="uslugi2.jpg" crc="4159134149" seo="true" ref="наши-услуги"/>
    <file name="фрутик200x143.jpg" crc="347384042" seo="true" ref="портфолио"/>
    <file name="good199x143.jpg" crc="3977769630" seo="true" ref="портфолио"/>
    <file name="smile200x143.jpg" crc="4294011329" seo="true" ref="портфолио"/>
    <file name="icetea200x143.jpg" crc="232859595" seo="true" ref="портфолио"/>
    <file name="kompotay200x143.jpg" crc="3794403161" seo="true" ref="портфолио"/>
    <file name="kvas200x143.jpg" crc="391530654" seo="true" ref="портфолио"/>
    <file name="арзу200x144.jpg" crc="186956220" seo="true" ref="портфолио"/>
    <file name="асемай200x144.jpg" crc="4128295615" seo="true" ref="портфолио"/>
    <file name="кола200x144.jpg" crc="4132261858" seo="true" ref="портфолио"/>
    <file name="фрутик.jpg" crc="417249605" seo="true" ref="портфолио"/>
    <file name="good.jpg" crc="4117822837" seo="true" ref="портфолио"/>
    <file name="smile.jpg" crc="4288346202" seo="true" ref="портфолио"/>
    <file name="icetea.jpg" crc="457347541" seo="true" ref="портфолио"/>
    <file name="kompotay.jpg" crc="3919458253" seo="true" ref="портфолио"/>
    <file name="kvas.jpg" crc="3765338915" seo="true" ref="портфолио"/>
    <file name="арзу.jpg" crc="4187809172" seo="true" ref="портфолио"/>
    <file name="асемай.jpg" crc="3973033306" seo="true" ref="портфолио"/>
    <file name="кола.jpg" crc="430250236" seo="true" ref="портфолио"/>
    <file name="фрутик160x114.jpg" crc="3879138909" seo="true" ref="портфолио"/>
    <file name="good160x115.jpg" crc="4128266861" seo="true" ref="портфолио"/>
    <file name="smile160x115.jpg" crc="4015392406" seo="true" ref="портфолио"/>
    <file name="icetea-crop-u6469.jpg" crc="415367722" ref="портфолио"/>
    <file name="kompotay160x115.jpg" crc="4286584476" seo="true" ref="портфолио"/>
    <file name="kvas160x115.jpg" crc="4221957293" seo="true" ref="портфолио"/>
    <file name="арзу160x114.jpg" crc="3820205964" seo="true" ref="портфолио"/>
    <file name="асемай159x114.jpg" crc="3956713412" seo="true" ref="портфолио"/>
    <file name="кола160x115.jpg" crc="520563380" seo="true" ref="портфолио"/>
    <file name="фрутик140x101.jpg" crc="3874502382" seo="true" ref="портфолио"/>
    <file name="good140x101.jpg" crc="4269392613" seo="true" ref="портфолио"/>
    <file name="smile140x101.jpg" crc="436032430" seo="true" ref="портфолио"/>
    <file name="icetea140x101.jpg" crc="436288861" seo="true" ref="портфолио"/>
    <file name="kompotay140x101.jpg" crc="3945370218" seo="true" ref="портфолио"/>
    <file name="kvas140x101.jpg" crc="4136419757" seo="true" ref="портфолио"/>
    <file name="арзу140x101.jpg" crc="322342638" seo="true" ref="портфолио"/>
    <file name="асемай140x101.jpg" crc="235270600" seo="true" ref="портфолио"/>
    <file name="кола140x101.jpg" crc="264418640" seo="true" ref="портфолио"/>
    <file name="good-crop-u6531.jpg" crc="3823468652" ref="портфолио"/>
    <file name="logo_mal202x159.png" crc="4072622068" seo="true" ref="портфолио"/>
    <file name="фрутик-crop-u6497.jpg" crc="115373272" ref="портфолио"/>
    <file name="good130x94.jpg" crc="4206610042" seo="true" ref="портфолио"/>
    <file name="smile130x94.jpg" crc="4048038401" seo="true" ref="портфолио"/>
    <file name="icetea130x94.jpg" crc="4113845606" seo="true" ref="портфолио"/>
    <file name="kompotay130x94.jpg" crc="3876821519" seo="true" ref="портфолио"/>
    <file name="kvas130x94.jpg" crc="385107191" seo="true" ref="портфолио"/>
    <file name="арзу130x93.jpg" crc="4233152548" seo="true" ref="портфолио"/>
    <file name="асемай130x93.jpg" crc="94307970" seo="true" ref="портфолио"/>
    <file name="кола130x93.jpg" crc="4054149242" seo="true" ref="портфолио"/>
    <file name="фрутик105x76.jpg" crc="3993269481" seo="true" ref="портфолио"/>
    <file name="good105x76.jpg" crc="178012901" seo="true" ref="портфолио"/>
    <file name="smile105x76.jpg" crc="3909871661" seo="true" ref="портфолио"/>
    <file name="icetea105x76.jpg" crc="3868014862" seo="true" ref="портфолио"/>
    <file name="kompotay105x76.jpg" crc="3870473460" seo="true" ref="портфолио"/>
    <file name="kvas105x76.jpg" crc="107952452" seo="true" ref="портфолио"/>
    <file name="арзу105x76.jpg" crc="4278701503" seo="true" ref="портфолио"/>
    <file name="асемай105x76.jpg" crc="3904751429" seo="true" ref="портфолио"/>
    <file name="кола105x76.jpg" crc="272026111" seo="true" ref="портфолио"/>
    <file name="фрутик230x165.jpg" crc="4126059459" seo="true" ref="портфолио"/>
    <file name="good230x166.jpg" crc="30935561" seo="true" ref="портфолио"/>
    <file name="smile230x165.jpg" crc="3843846962" seo="true" ref="портфолио"/>
    <file name="icetea230x165.jpg" crc="161730467" seo="true" ref="портфолио"/>
    <file name="kompotay230x165.jpg" crc="418229217" seo="true" ref="портфолио"/>
    <file name="kvas230x165.jpg" crc="239545869" seo="true" ref="портфолио"/>
    <file name="арзу230x165.jpg" crc="179628778" seo="true" ref="портфолио"/>
    <file name="асемай230x165.jpg" crc="4251678101" seo="true" ref="портфолио"/>
    <file name="кола230x165.jpg" crc="4104916939" seo="true" ref="портфолио"/>
    <file name="telefon.png" crc="3808100618" seo="true" ref="контакты"/>
    <file name="globus.png" crc="491525557" seo="true" ref="контакты"/>
    <file name="novoe_imia2.png" crc="318563849" seo="true" ref="новое-имя---старые-друзья"/>
    <file name="logo_mal185x146.png" crc="4152861574" seo="true" ref="новое-имя---старые-друзья"/>
    <file name="logo_mal171x135.png" crc="169543857" seo="true" ref="новое-имя---старые-друзья"/>
    <file name="logo_mal117x93.png" crc="52330287" seo="true" ref="новое-имя---старые-друзья"/>
    <file name="ogibaemaya2.png" crc="200140758" seo="true" ref="огибаемая-этикетка"/>
    <file name="termousadka2_1.png" crc="73359369" seo="true" ref="термоусадочная-этикетка"/>
    <file name="termousadka2_2.png" crc="526726297" seo="true" ref="термоусадочная-этикетка"/>
    <file name="icon.svg" crc="4112842522" seo="true" ref="index"/>
    <file name="icon_poster_.png" crc="3893572636" ref="index"/>
    <file name="logo_glav.gif" crc="4163946249" seo="true" ref="index"/>
  </folder>
  <file name="index.html" crc="338994283" seo="true" mt="1487927880938" redirect="true"/>
  <file name="о-компании.html" crc="122969396" seo="true" mt="1486919420188" redirect="true"/>
  <file name="наши-услуги.html" crc="4286462378" seo="true" mt="1486921064671" redirect="true"/>
  <file name="портфолио.html" crc="3871738710" seo="true" mt="1486921999425" redirect="true"/>
  <file name="новости.html" crc="314724267" seo="true" mt="1486919420188" redirect="true"/>
  <file name="контакты.html" crc="3845577043" seo="true" mt="1486919420188" redirect="true"/>
  <file name="новое-имя---старые-друзья.html" crc="267993062" seo="true" mt="1486919420188" redirect="true"/>
  <file name="огибаемая-этикетка.html" crc="3976274488" seo="true" mt="1488422600117" redirect="true"/>
  <file name="термоусадочная-этикетка.html" crc="89673105" seo="true" mt="1487928547012" redirect="true"/>
</manifest>